,,21-Jan-09,,,
Anthem AV pre/pro RS-232 commands,,,,,
Main Zone Specific Commands,,,,,
Command,Parameters,Description,,,
,,"Note that anywhere in this document ""source n"" may, unless specified otherwise, be a character equal to '0'-'9' or 'c'-'j' where (0=CD, 1=2-Ch BAL, 2=6-Ch S/E, 3=tape, 4=FM/AM, 5=DVD1, 6=TV1, 7=SAT1, 8=VCR, 9=AUX, c=current main zone source, d=DVD2, e=DVD3, f=DVD4, g=TV2, h=TV3, i=TV4, j=SAT2). Note that sources 'd' to 'j' are not available in older versions of the software.",,,
P1P,x,Main Zone Power on/off ,,,
,,"where x = 0,1 (off, on)",,,
P1S,n,Set main zone source to n.,,,
P1X,nm,Set main zone to video source n and audio source m simulcast.,,,
P1M,x,Mute/un-mute the Main zone  ,,,
,,"where x = 0,1 (un-mutes, mutes)",,,
P1MT,,Mute/Unmute toggle on Main zone,,,
P1VM,sxx.xx,Set Main master volume to sxx.xx dB,,,
,,where sxx.x = MainMaxVol to -95.5 dB in 0.5 dB steps ,,,
P1VMU,xx.xx,"Increase Main master volume (similar to vol up on remote) If the optional floating point parameter is included  then the volume is increased by this many decibels, otherwise it is increased by 0.5 dB.",,,
P1VMD,xx.xx,"Decrease Main master volume (similar to vol down on remote) If the optional floating point parameter is included then the volume is decreased by this many decibels, otherwise it is decreased by 0.5 dB.",,,
P1VF,sxx.xx,Set current Main zone front volume to sxx.xx dB (ignored if no signal),,,
,,where sxx.x = +10.0 to -10.0 dB in .5 dB steps ,,,
P1VC,sxx.xx,Set current Main zone center volume to sxx.xx dB (ignored if no signal),,,
,,where sxx.x = +10.0 to -10.0 dB in .5 dB steps ,,,
P1VR,sxx.xx,Set current Main zone surround volume to sxx.xx dB (ignored if no signal),,,
,,where sxx.x = +10.0 to -10.0 dB in .5 dB steps ,,,
P1VB,sxx.xx,Set current Main zone back volume to sxx.xx dB (ignored if no signal),,,
,,where sxx.x = +10.0 to -10.0 dB in .5 dB steps ,,,
P1VS,sxx.xx,Set current Main zone sub volume to sxx.xx dB (ignored if no signal),,,
,,where sxx.x = +20.0 to -30.0 dB in .5 dB steps ,,,
P1VL,sxx.xx,Set current Main zone LFE volume to sxx.xx dB (ignored if no signal),,,
,,where sxx.x = +0.0 to -10.0 dB in .5 dB steps ,,,
P1LM,sxx.xx,Set Main master balance to sxx.xx dB,,,
,,where sxx.x = +10.0 to -10.0 dB in .5 dB steps ,,,
P1LF,sxx.xx,Set Main front balance to sxx.xx dB,,,
,,where sxx.x = +10.0 to -10.0 dB in .5 dB steps ,,,
P1LR,sxx.xx,Set Main surround balance to sxx.xx dB,,,
,,where sxx.x = +10.0 to -10.0 dB in .5 dB steps ,,,
P1LB,sxx.xx,Set Main back balance to sxx.xx dB,,,
,,where sxx.x = +10.0 to -10.0 dB in .5 dB steps ,,,
P1BM,sxx.xx,Set Main master bass to sxx.xx dB,,,
,,where sxx.x = +12.0 to -12.0 dB in .5 dB steps ,,,
P1BF,sxx.xx,Set Main front bass to sxx.xx dB,,,
,,where sxx.x = +12.0 to -12.0 dB in .5 dB steps ,,,
P1BC,sxx.xx,Set Main center bass to sxx.xx dB,,,
,,where sxx.x = +12.0 to -12.0 dB in .5 dB steps ,,,
P1BR,sxx.xx,Set Main surround bass to sxx.xx dB,,,
,,where sxx.x = +12.0 to -12.0 dB in .5 dB steps ,,,
P1BB,sxx.xx,Set Main back bass to sxx.xx dB,,,
,,where sxx.x = +12.0 to -12.0 dB in .5 dB steps ,,,
P1TM,sxx.xx,Set Main master treble to sxx.xx dB,,,
,,where sxx.x = +12.0 to -12.0 dB in .5 dB steps ,,,
P1TF,sxx.xx,Set Main front treble to sxx.xx dB,,,
,,where sxx.x = +12.0 to -12.0 dB in .5 dB steps ,,,
P1TC,sxx.xx,Set Main center treble to sxx.xx dB,,,
,,where sxx.x = +12.0 to -12.0 dB in .5 dB steps ,,,
P1TR,sxx.xx,Set Main surround treble to sxx.xx dB,,,
,,where sxx.x = +12.0 to -12.0 dB in .5 dB steps ,,,
P1TB,sxx.xx,Set Main back treble to sxx.xx dB,,,
,,where sxx.x = +12.0 to -12.0 dB in .5 dB steps ,,,
P1TE,x,Set Main tone controls,,,
,,"where x = 0,1 (bypassed, enabled)",,,
P1E,nx,"Set source n stereo input effects (applies to stereo and normal Dolby Digital 2.0 inputs) to x = 0,1,2,…9,a,b,c,d  (off, AnthemLogic-Music,AnthemLogic-Cinema,ProLogic IIx-Music,ProLogic IIx-Movie,Pro Logic, Neo:6-Music,Neo:6-Cinema, all channel stereo, all channel mono, mono, mono academy, ProLogic IIx-Matrix,ProLogic IIx-Game)",,,
P1EF,nx,"Set source n Dolby Digital 2.0 surround encoded (i.e. flagged) input effects to x = 0,1,2,…9,a,b,c,d  (off, AnthemLogic-Music,AnthemLogic-Cinema,ProLogic IIx-Music,ProLogic IIx-Movie,Pro Logic, Neo:6-Music,Neo:6-Cinema, all channel stereo, all channel mono, mono, mono academy, ProLogic IIx-Matrix,ProLogic IIx-Game)",,,
P1EE,nx,"Set source n Dolby Digital EX encoded (i.e. flagged) input effects to x = 0,1,2,..,7 (0=off,1=Dolby Digital EX,2=THX Surround EX,3=PLIIx Movie,4=PLIIx Movie+THX,5=PLIIx Music,6=Neo:6,7=Neo:6+THX)",,,
P1ES,nx,"Set source n DTS ES Matrix encoded input effect to x =0,1,2,..,5 (0,1,3,5,6=Off; 2,4=THX Cinema) (applies to DTS-5.1 inputs only)",,,
P1EU,nx,"Set source n Dolby Digital 2.0 surround encoded (i.e. flagged) input THX mode to x=0,1,2 (0=Off, 1=THX Cinema,2=THX Games)",,,
P1ET,nx,"Set source n stereo source input THX mode to x=0,1,2 (0=Off, 1=THX Cinema,2=THX Games)",,,
P1EW,nx,"Set source n 7.1 input effect to x =0,1 (0=Off, 1=THX Cinema)",,,
P1EX,nx,"Set source n Dolby D 5.1 input effects to x=0,1,2,...,a,b (0=Off,1=THX Cinema 5.1, 2=THX Ultra2 Cinema, 3=THX MusicMode, 4=THX Surround EX,5=THX Games Mode,6=PLIIx Movie,7=PLIIx Movie+THX,8=PLIIx Music,9=Dolby Digital EX,a=Neo:6,b=Neo:6+THX). Note that for older firmware that did not have a ""P1EY"" command, this also affects the 6.0 input effect for source 6-Ch SE.",,,
P1EY,nx,"Set source n 6.0 input (analog or PCM) effects to x=0,1,2,...,a,b (0=Off,1=THX Cinema 5.1, 2=THX Ultra2 Cinema, 3=THX MusicMode, 4=THX Surround EX,5=THX Games Mode,6=PLIIx Movie,7=PLIIx Movie+THX,8=PLIIx Music,9=Dolby Digital EX,a=Neo:6,b=Neo:6+THX)",,,
P1ED,nx,"Set source n DTS-5.1 input effects to x=0,1,2,..,8,9,a (0=Off,1=THX Cinema 5.1, 2=THX Ultra2 Cinema, 3=THX MusicMode, 4=Neo:6+THX, 5=THX Games,6=PLIIx Movie,7=PLIIx Movie+THX,8=PLIIx Music,9=Dolby D EX,a=Neo:6)",,,
P1EB,x,This is the equivalent of pressing the THX button followed by the up (x='1') or down (x='0') button while in the main zone and displaying the default message.,,,
P1EC,x,This is the equivalent of pressing the MODE button followed by the up (x='1') or down (x='0') button while in the main zone and displaying the default message.,,,
P1EMP,nx,"Set source n Dolby Prologic Music Mode panorama to x=0,1 (0=off,1=on)",,,
P1EMC,nx,"Set source n Dolby Prologic Music Mode center width to x=0,1..7",,,
P1EMD,nx,"Set source n Dolby Prologic Music Mode dimension to x=0,1..6",,,
P1EMG,nx,"Set source n DTS Neo:6 center gain to x=0,1..5",,,
P1ER,nx,"Set source n THX front channel RE-EQ when THX is on to x=0,1 (0=off,1=on)",,,
P1EN,nx,"Set source n THX front channel RE-EQ when THX is off to x=0,1 (0=off,1=on)",,,
P1C,x,Set amount of dynamic range compression in Dolby Digital modes,,,
,,"where x = 0,1,2 (normal, reduced, late night)",,,
P1s,,Show status of Main zone on front panel and on TV (if OS enabled),,,
P1SS,x,Source seek in Main zone,,,
,,"where x = +,- (seek up, seek down)",,,
P1Z,x,Turn On Sleep Timer in Main zone,,,
,,"where x = 0,1,2,3 (Off, 30 min, 60 min, 90 min)",,,
P1z,xA,"display a message ""A"" on the main zone OSD and front panel LCD line x=1,2(1=line 1,2=line 2) ",,,
P1U,A,"Manipulate the setup menus. Parameter A consists of zero or more characters from the set ""oqudlrse0123456789"", followed by a terminating line feed, semi-colin or null. Note that the effect of a specific string depends on the current state and software version - do not rely on specific string sequences to always have the same effect. The commands are: 'o' - open setup menu, 'q' - quit setup menu, 'u' - up, 'd' - down, 'l' - left, 'r' - right, 's' - select, 'e' - back, '0' to '9' - 0 to 9.",,,
P1G,n,"Manipulate the video adjustment menu or color bar according to n where n is 'u'=up, 'd'=down, 'l'=left, 'r'=right, 'e'=back, 's'=select, 'q'=quit, 'f'=bar on and 'o'=menu on. Note that 'f' and 'o' will turn off the video adjustment menu, color bar, the logo and the status lines before turning the color bar or video menu on. Note that 'e' and 's' do not work with the color bar. The other commands are only valid when the video adjustment menu or color bar is on. These commands are only valid on an AVM 50 or a Statement D2.",,,
P1P?,,query main zone power: returns P1Px,,,
P1S?,,query main zone source: returns P1Sx or P1Xxy (if in simulcast),,,
P1VM?,,query main zone volume: returns P1VMsxx.x,,,
P1VF?,,query current main zone front volume returns P1VFsxx.x (returns P1VF +0.0 if no signal),,,
P1VC?,,query current main zone center volume returns P1VCsxx.x (returns P1VC +0.0 if no signal),,,
P1VR?,,query current main zone surround volume returns P1VRsxx.x (returns P1VR +0.0 if no signal),,,
P1VB?,,query current main zone back volume returns P1VBsxx.x (returns P1VB +0.0 if no signal),,,
P1VS?,,query current main zone subwoofer volume returns P1VSsxx.x (returns P1VS +0.0 if no signal),,,
P1VL?,,query current main zone LFE volume returns P1VLsxx.x (returns P1VL +0.0 if no signal),,,
P1LM?,,query Main zone master balance returns P1LMsxx.x,,,
P1LF?,,query Main zone front balance returns P1LFsxx.x,,,
P1LR?,,query Main zone surround balance returns P1LRsxx.x,,,
P1LB?,,query Main zone back/rear balance returns P1LBsxx.x,,,
P1BM?,,query Main zone master bass returns P1BMsxx.x,,,
P1BC?,,query Main zone center bass returns P1BCsxx.x,,,
P1BF?,,query Main zone front bass returns P1BFsxx.x,,,
P1BR?,,query Main zone surround bass returns P1BRsxx.x,,,
P1BB?,,query Main zone rear/back bass returns P1BBsxx.x,,,
P1TM?,,query Main zone master treble returns P1TMsxx.x,,,
P1TC?,,query Main zone center treble returns P1TCsxx.x,,,
P1TF?,,query Main zone front treble returns P1TFsxx.x,,,
P1TR?,,query Main zone surround treble returns P1TRsxx.x,,,
P1TB?,,query Main zone rear/back treble returns P1TBsxx.x,,,
P1TE?,,query Main zone tone controls enabled returns P1TEx,,,
P1?,,"query main zone status: returns P1SxVsyy.yMnDuEv (or P1XxzVsyy.yMnDuEv if in simulcast where x is audio source and z is video source) where x is source, syy.y is volume, n is mute state, u is decoder status (see P1D? command) and v is stereo effect",,,
P1E?,,query current main zone stereo input surround effect: returns P1Eyx,,,
P1EF?,,query current main zone Dolby Digital 2.0 surround encoded (i.e. flagged) input surround effect: returns P1EFyx,,,
P1EE?,,query current main zone Dolby Digital EX encoded (i.e. flagged) input effect status: returns P1EEyx,,,
P1ES?,,query current main zone DTS ES Matrix encoded input effect status: returns P1ESyx,,,
P1ET?,,query current main zone stereo input THX status: returns P1ETyx,,,
P1EU?,,query current main zone Dolby Digital 2.0 surround encoded (i.e. flagged) input THX status: returns P1EUyx,,,
P1EX?,,"query current main zone DD-5.1 input effect status: returns P1EXyx. Note that for older firmware that did not have a ""P1EY?"" command, this returns the 6.0 input effect for source 6-Ch SE.",,,
P1EY?,,query current main zone 6.0 input (analog or PCM) effect status: returns P1EXyx.,,,
P1ED?,,query current main zone DTS-5.1 input effect status: returns P1EDyx,,,
P1EMP?,,query current main zone Dolby Prologic Music Mode panorama: return P1EMPyx,,,
P1EMC?,,query current main zone Dolby Prologic Music Mode center width: return P1EMCyx,,,
P1EMD?,,query current main zone Dolby Prologic Music Mode dimension: return P1EMDyx,,,
P1EMG?,,query current main zone DTS Neo:6 center gain: return P1EMGyx,,,
P1ED?,,query current main zone DTS-5.1 THX Ultra2 status: returns P1EDyx,,,
P1ER?,,query current main zone THX front channel RE-EQ status when THX is on: returns P1ERyx,,,
P1EN?,,query current main zone THX front channel RE-EQ status when THX is off: returns P1ENyx,,,
P1C?,,query current main zone dynamic range compression in Dolby Digital modes: returns P1Cx,,,
P1D?,,query main zone decoder status: returns P1Dnx where current decoder mode for source n is x,,,
,,"where x = 0,1,2,3…6 (0=stereo source, 1=Dolby AC-3 source, 2=DTS source, 3=MPEG source, 4=6-ch source, 5=2-ch analog direct source, 6=no signal, 7=Dolby Digital Plus, 8=Dolby TrueHD, 9=DTS-HD) ",,,
P1DF?,,query main zone decoder surround flagged status: returns P1DFnx where current decoder mode for source n is x,,,
,,"where x=0,1,2…a (0=no signal, 1=mono,2=2ch not surround flagged, 3=2ch flagged eg DD-2.0 flagged for PL on, 4=more than 2 ch not flagged DD eg DD-5.1, 5=DD-5.1 EX flagged, 6=more than 2 ch not flagged DTS eg DTS-5.1, 7=DTS ES Matrix flagged, 8=DTS ES Discrete, 9=6ch analog or PCM, a=7.1 or 8 channels)",,,
P1DS?,,"Query the main zone audio source type, as displayed in the top middle of the front panel. It returns P1DSnx where the x=0 to e (0=Digital, 1= DTS 96/24, 2=Analog DSP, 3=Analog Direct, 4=Auto Digital, 5=DTS-HD Low Bit Rate, 6=DTS-HD Master Audio, 7=DTS-ES Discrete, 8=DTS-ES Matrix, 9=PCM, a=Dolby Digital, b=DTS Digital Surround, c=Dolby Digital Plus, d=Dolby TrueHD, e=DTS-HD High Resolution)",,,
P1A?,,query main zone AC3 status: returns P1Anx where current AC3 status for source n is x,,,
,,"and x=0,1,2(0=source not AC3,1=source 2 channel AC3,2=source multichannel (surround) AC3)",,,
P1AD?,,query main zone AC3 dialog normalization status: returns P1ADnx where current AC3 status for source n is x,,,
,,and x=dialog normalization in dB (0=source not AC3...),,,
P1Q?,,returns an ASCII string description of the current processing mode for current source in main (i.e. the string on left hand side of lower line of LCD display),,,
P4S,n,Set Rec to source n (M=Main),,,
P4X,nm,Set Rec to video source n and audio source m simulcast,,,
P4S?,,query record zone source: returns P4Sx,,,
HV,sxx.xx,"Set headphone volume to sxx.xx dB where sxx.xx= +10.00 to -62.5 dB in 1.25 dB steps. If sxx.xx is replaced by '?' then print the current value. If sxx.xx is replaced by ""U"" or ""D"" then go up or down by one step. If ""U"" or ""D"" is followed by a floating point number then go up or down by this amount.",,,
Hb,sxx.xx,The Hb command is deprecated. Use the HL command instead.,,,
HL,sxx.xx,Set headphone balance (attenuation) to sxx.xx dB where sxx.xx = +12.5 to -12.5 dB in 1.25 dB steps. If sxx.xx is replaced by '?' then print the current value.,,,
HT,sxx.xx,Set headphone treble to sxx.xx dB where sxx.xx = +14.0 to -14.0 dB in 2.0 dB steps. If sxx.xx is replaced by '?' then print the current value.,,,
HB,sxx.xx,Set headphone bass to sxx.xx dB where sxx.xx = +14.0 to -14.0 dB in 2.0 dB steps. If sxx.xx is replaced by '?' then print the current value.,,,
HM,x,Mutes/un-mutes headphone,,,
,,"where x= 0,1 (un-mutes, mutes)",,,
HMT,,Mute/Unmute toggle on  headphone,,,
H?,,"query headphone status: returns HSxVsyy.yMn where x is source, syy.y is volume and n is mute state",,,
Zone2 Specific Commands,,,,,
Command,Parameters,Description,,,
P2P,x,Zone2 Power on/off ,,,
,,"where x = 0,1 (off, on)",,,
P2S,n,Set zone 2 source to n ('M'=main).,,,
P2X,nm,Set zone 2 to video source n and audio source m simulcast.,,,
P2V,sxx.xx,"Set Zone2 volume to sxx.xx dB where sxx.xx= Zone2 Max Vol to -62.5 dB in 1.25 dB steps. If sxx.xx is replaced by '?' then print the current value. If sxx.xx is replaced by ""U"" or ""D"" then go up or down by one step. If ""U"" or ""D"" is followed by a floating point number then go up or down by this amount.",,,
P2L,sxx.xx,Set Zone2 balance to sxx.xx dB where sxx.xx = +12.5 to -12.5 dB in 1.25 dB steps. If sxx.xx is replaced by '?' then print the current value.,,,
P2T,sxx.xx,Set Zone2 treble to sxx.xx dB where sxx.xx = +14.0 to -14.0 dB in 2.0 dB steps. If sxx.xx is replaced by '?' then print the current value.,,,
P2B,sxx.xx,Set Zone2 bass to sxx.xx dB where sxx.xx = +14.0 to -14.0 dB in 2.0 dB steps. If sxx.xx is replaced by '?' then print the current value.,,,
P2M,x,Mute/un-mute Zone2  ,,,
,,"where x= 0,1 (un-mutes, mutes)",,,
P2MT,,Mute/Unmute toggle on Zone2,,,
P2TE,x,Set Zone2 tone controls,,,
,,"where x=0,1 (bypassed, enabled)",,,
P2s,,Show status of Zone2 on front panel and on TV (if OS enabled),,,
P2SS,x,Source seek in Zone2,,,
,,"where x = +,-",,,
P2Z,x,Turn On Sleep Timer in Zone2,,,
,,"where x = 0,1,2,3 (Off, 30 min, 60 min, 90 min)",,,
P2z,xA,"display a message ""A"" on the zone2 OSD and front panel LCD line x=1,2(1=line 1,2=line 2) ",,,
P2U,A,"Manipulate the setup menus. Parameter A consists of zero or more characters from the set ""oqudlrse0123456789"", followed by a terminating line feed, semi-colin or null. Note that the effect of a specific string depends on the current state and software version - do not rely on specific string sequences to always have the same effect. The commands are: 'o' - open setup menu, 'q' - quit setup menu, 'u' - up, 'd' - down, 'l' - left, 'r' - right, 's' - select, 'e' - back, '0' to '9' - 0 to 9.",,,
P2P?,,query Zone2 power: returns P2Px,,,
P2S?,,query Zone2 source: returns P2Sx (or P2Xxy if in simulcast),,,
P2TE?,,query Zone2 tone controls enabled returns P2TEx,,,
P2?,,"query Zone2 status: returns P2SxVsyy.yMn where x is source, syy.y is volume and n is mute state",,,
P2Q?,,"returns an ASCII string description of the current processing mode for current source in Zone2 (i.e. the string on left hand side of lower line of LCD display) - always returns ""Stereo""",,,
Zone3 Specific Commands,,,,,
Command,Parameters,Description,,,
P3P,x,Zone3 Power on/off ,,,
,,"where x = 0,1 (off, on)",,,
P3S,n,Set zone 3 source to n ('M'=main).,,,
P3X,nm,Set zone 3 to video source n and audio source m simulcast.,,,
P3V,sxx.xx,"Set Zone3 volume to sxx.xx dB where sxx.xx= Zone3 Max Vol to -62.5 dB in 1.25 dB steps. If sxx.xx is replaced by '?' then print the current value. If sxx.xx is replaced by ""U"" or ""D"" then go up or down by one step. If ""U"" or ""D"" is followed by a floating point number then go up or down by this amount.",,,
P3L,sxx.xx,Set Zone3 balance to sxx.xx dB where sxx.xx = +12.5 to -12.5 dB in 1.25 dB steps. If sxx.xx is replaced by '?' then print the current value.,,,
P3T,sxx.xx,Set Zone3 treble to sxx.xx dB where sxx.xx = +14.0 to -14.0 dB in 2.0 dB steps. If sxx.xx is replaced by '?' then print the current value.,,,
P3B,sxx.xx,Set Zone3 bass to sxx.xx dB where sxx.xx = +14.0 to -14.0 dB in 2.0 dB steps. If sxx.xx is replaced by '?' then print the current value.,,,
P3M,x,Mute/un-mute Zone3  ,,,
,,"where x= 0,1 (un-mutes, mutes)",,,
P3MT,,Mute/Unmute toggle on Zone3,,,
P3TE,x,Set Zone3 tone controls,,,
,,"where x=0,1 (bypassed, enabled)",,,
P3s,,Show status of Zone3 on front panel and on TV (if OS enabled),,,
P3SS,x,Source seek in Zone3,,,
,,"where x = +,-",,,
P3Z,x,Turn On Sleep Timer in Zone3,,,
,,"where x = 0,1,2,3 (Off, 30 min, 60 min, 90 min)",,,
P3P?,,query Zone3 power: returns P3Px,,,
P3S?,,query Zone3 source: returns P3Sx (or P3Xxy if in simulcast),,,
P3TE?,,query Zone3 tone controls enabled returns P3TEx,,,
P3?,,"query Zone3 status: returns P3SxVsyy.yMn where x is source, syy.y is volume and n is mute state",,,
P3Q?,,"returns an ASCII string description of the current processing mode for current source in Zone3 (i.e. the string on left hand side of lower line of LCD display) - always returns ""Stereo""",,,
"Main, Zone2 & Zone3 Common Commands",,,,,
Command,Parameters,Description,,,
,,"Note that all tuner commands work regardless of the main power state. If the main power is on each command operates as described. If the main power is off then each command will return an additional string, ""Main Off"", after any other return string.",  ,,
TAT,xxxx,"Set tuner to AM band, frequency xxxx KHz",,,
,,"where xxxx = 540 to 1600, in 10 KHz step",,,
TATU,,Tune up one step on AM band (will switch to AM if on FM band),,,
TATD,,Tune down one step on AM band (will switch to AM if on FM band),,,
TFT,xxx.x,"Set tuner to FM band, frequency xxx.x MHz",,,
,,"where xxxx = 87.5 to 107.9, in 0.1 MHz step",,,
TFTU,,Tune up one step on current FM band (will switch to FM1 if on AM),,,
TFTD,,Tune down one step on current FM band (will switch to FM1 if on AM),,,
TAP,y,"Set tuner to AM band, using preset y (1,2…6)",,,
TFP,xy,"Set tuner to FM band x (1,2,or 3), using preset y (1,2…6)",,,
TAS,y=zzzz,Set preset y of tuner AM band to zzzz KHz,,,
,,"where xxxx = 540 to 1600, in 10 KHz step",,,
TASy?,,"Query AM preset, where y is AM preset (1,2,3,4,5,6).",,,
,,Returns TASy=zzzz where z is station frequency,,,
TFS,xy=zzz.z,"Set FM band x (1,2,or 3), preset y to zzz.z MHz",,,
,,"where xxxx = 87.5 to 107.9, in 0.1 MHz step",,,
TFSxy?,,"Query FM preset, where x=bank (1,2,3) and y=FM preset.",,,
,,Returns TFSxy=zzz.z where z is station frequency.,,,
TT?,,query current station: returns TATxxxx or TFTxxx.x,,,
T,+,Tuner seek up from current station,,,
T,-,Tuner seek down from current station,,,
TH,x,Set tuner mode,,,
,,"where x=0,1,2 (stereo, hi-blend, mono)",,,
TH?,,Query tuner mode,,,
,,"Returns THx where x=0(stereo), 1(hi-blend), 2(mono)",,,
t1T,x,Set trigger 1,,,
,,"where x=0,1 (disabled, enabled)",,,
t2T,x,Set trigger 2,,,
,,"where x=0,1 (disabled, enabled)",,,
t3T,x,Set trigger 3,,,
,,"where x=0,1 (disabled, enabled)",,,
FP,x,Set front panel display intensity ,,,
,,"where x =0,1,2,3 (Off, low, med, hi)",,,
FPL,x,"Set front panel lockout where x=0,1 (0=off,1=on) - this lock out front panel controls except for power buttons",,,
,,Note that this value is reset to Off every time the power is turned off,,,
Setup Commands,,,,,
Rename Sources,,,,,
Command,Parameters,Description,,,
SN,nmmmmmm,"Set ""SOURCE SETUP"" n (n not = 4) ""RENAME"" source name to mmmmmm = any alphanumeric characters (up to 6) except ';' which is a command separator.",,,
Preset for Sources,,,,,
Command,Parameters,Description,,,
,,"Note that anywhere in this document ""source n"" may, unless specified otherwise, be a character equal to '0'-'9' or 'c'-'j' where (0=CD, 1=2-Ch BAL, 2=6-Ch S/E, 3=tape, 4=FM/AM, 5=DVD1, 6=TV1, 7=SAT1, 8=VCR, 9=AUX, c=current main zone source, d=DVD2, e=DVD3, f=DVD4, g=TV2, h=TV3, i=TV4, j=SAT2).",,,
SUC,na,"Set source n preferred speaker configuration to a=C,M,A (C=cinema, M=music, A=Auto LFE). Note that Auto LFE cannot be set for 6 Ch source.",,,
SUM,nx,"Set source n preferred stereo (2 Ch source) mode to x where x = 0,1,2,…9,a,..,i  (0=off, 1=AnthemLogic-Music,2=AnthemLogic-Cinema,3=PLIIx-Music,4=PLIIx-Movie,5=Pro Logic,6=Neo:6-Music,7=Neo:6-Cinema,8=all channel stereo,9=all channel mono,a=mono,b=mono academy,c=last used,d=PLIIx Movie+THX,e=PLIIx Matrix,f=PLIIx Game,g=THX Games Mode,h=Pro Logic +THX,i=Neo:6 Cinema+THX)",,,
SUP,nx,"Set source n preferred Dolby Digital 2.0 surround encoded (i.e. flagged) input effect to x where x = 0,1,2,,,j(0=PLIIx Movie, 1=PLIIx Movie+THX, 2=last used,3=same as 2 Ch,4=none,5=AnthemLogic Music,6=AnthemLogic Cinema,7=PLIIx Music,8=PLIIx Matrix,9=PLIIx Games,a=THX Games Mode,b=Pro Logic,c=Pro Logic+THX,d=Neo:6 Music,e=Neo:6 Cinema,f=Neo:6 Cinema+THX,g=All Channel Stereo,h=All Channel Mono,i=Mono,j=Mono Academy)",,,
SUE,nx,"Set source n preferred Dolby Digital EX encoded (i.e. flagged) input effects to x where x = 0,1,2,..,9 (0=off,1=Dolby Digital EX,2=THX Surround EX,3=PLIIx Movie,4=PLIIx Movie+THX,5=PLIIx Music,6=Neo:6, 7=Neo:6+THX,8=last used,9=Same as Dolby D 5.1)",,,
SUN,nx,"Set source n preferred DTS ES Matrix encoded input effect to x where where x =0,1,2,..,8 (0,1,3,5,6=off; 2,4=THX Cinema; 7=last used; 8=Same as DTS 5.1)",,,
SUW,nx,"Set source n preferred 7.1 input effect to x where x = 0,1,2 (0=None; 1=THX Cinema, 2=Last Used)",,,
SUX,nx,"Set source n preferred DD-5.1 input effect to x where x = 0,2,..,c(0=off,1=THX Cinema,2=THX Ultra2,3=THX Music,4=THX Surround EX,5=last used,6=THX Games Mode,7=PLIIx Movie,8=PLIIx Movie+THX,9=PLIIx Music,a=Dolby Digital EX,b=Neo:6,c=Neo:6+THX) Note that for older firmware that did not have a ""SUY"" command, this also affected the preferred 6.0 input effect on source 6-Ch SE.",,,
SUY,nx,"Set source n preferred 6.0 input (analog or PCM) effect to x where x = 0,2,..,c(0=off,1=THX Cinema,2=THX Ultra2,3=THX Music,4=THX Surround EX,5=last used,6=THX Games Mode,7=PLIIx Movie,8=PLIIx Movie+THX,9=PLIIx Music,a=Dolby Digital EX,b=Neo:6,c=Neo:6+THX)",,,
SUD,nx,"Set source n preferred DTS-5.1 input effect to x where x = 0,1,2..,a(0=off,1=THX Cinema,2=THX Ultra2,3=THX Music,4=Neo:6 + THX,5=last used,6=THX Games Mode,7=PLIIx Movie,8=PLIIx Movie+THX,9=PLIIx Music,a=Neo:6)",,,
SUZ,nx,"Set source n preferred muting level to x where x = 1,2,3(1=default for CD,2=default for DVD,3=default for SAT). Only valid for digital input signals",,,
Audio/Video In Format,,,,,
Command,Parameters,Description,,,
,,"Note that anywhere in this document ""source n"" may, unless specified otherwise, be a character equal to '0'-'9' or 'c'-'j' where (0=CD, 1=2-Ch BAL, 2=6-Ch S/E, 3=tape, 4=FM/AM, 5=DVD, 6=TV, 7=SAT, 8=VCR, 9=AUX, c=current main zone source, d=DVD2, e=DVD3, f=DVD4, g=TV2, h=TV3, i=TV4, j=SAT2)",,,
SC,anx,"The SC commands are used to change the parameters that are in the ""ADJUST INPUT LEVELS"" menu and the ""SOURCE SETUP"" sub-menus. Parameter ""a"" must be ""AD"" or must be a single letter given in the following commands. Parmeter ""n"" specifies which source setup menu. The remaining parameters are described in the following commands. Note that in the SOURCE SETUP sub-menus you use command ""SN"" to set ""RENAME"", command ""SUZ"" for ""MUTING"", command ""SUC"" for ""SPEAKER CONFIG"" and command ""SPG"" for ""LIP-SYNC"".",,,
SCP,nx,"Set ""SOURCE SETUP"" n - ""SAME AS"" or ""LAYER"" (n = 'c'-'j' only) ""same as"" to source x ('D'=disabled, 'C'=custom, not set to '4'=FM/AM or to itself). For the AVM 40 the options for x are ('D'=disabled, 'C'=enabled). If x is replaced by '?' then print the current value.",,,
SCF,nx,"Set ""SOURCE SETUP"" n - ""VIDEO OUT CONFIG"" to x=0,1 (0=last used, 1=video out config 1, 2=video out config 2)",,,
SCV,nx,"Set ""SOURCE SETUP"" n - ""SCALAR INPUT"" or ""CONVERTER IN"" or ""COMPONENT VIDEO IN"" to x=0-d (0=None, 1=Comp1, 2=Comp2, 3=Comp3, 4=Comp4, 5=HDMI 1, 6=HDMI 2, 7=HDMI 3, 8=HDMI 4, 9=S-video, a=HDMI5, b=HDMI6, c=HDMI7, d=HDMI8). Note that the audio source will automatically  be changed from HDMI whenever the video source is not HDMI. Note that this parameter is called ""COMPONENT VIDEO IN"" on an AVM 20, AVM 30 and Statement D1, while another parameter is called ""COMPONENT VIDEO IN"" on the other models. Don't confuse them.",,,
SCY,nx,"Set ""SOURCE SETUP"" n - ""IF YCbCr IN"" to x=0,1,2 (0=auto, 1=HDTV, 2=SDTV) AVM 40 ONLY",,,
SCB,nx,"Set ""SOURCE SETUP"" n - ""IF RGB IN"" to x=0,1 (0=studio, 1=extended) AVM 40 ONLY",,,
SCR,nx,"This command has been deprecated. Set ""SOURCE SETUP"" n ""HDMI REPEATER"" to x=0,1 (0=no, 1=yes). (not on AVM 20, AVM 30 or Statement D1)",,,
SCW,nx,"Set ""SOURCE SETUP"" n - ""COMPONENT VIDEO IN"" to x=0-4 (0=none, 1=comp 1, 2=comp 2, 3=comp 3, 4=comp 4) (Not on an AVM 20, AVM 30 or Statement D1. Do not confuse this parameter with another parameter called ""COMPONENT VIDEO IN"" on the other models.) This parameter helps select the signal that is fed to ""MAIN OR ZONE 2 COMPONENT OUT"" connector.",,,
SCS,nx,"Set ""SOURCE SETUP"" n - ""S_VIDEO IN"" to x=0,3,5,6,7,8,9,a (0=CD, 3=TAPE, 5=DVD, 6=TV, 7=SAT, 8=VCR 9=AUX,a=none) (note that setting value to 1,2,or 4 will also result in none)",,,
SCC,nx,"Set ""SOURCE SETUP"" n - ""COMPOSITE VIDEO IN"" to x=0,3,5-a (0=CD, 3=TAPE, 5=DVD, 6=TV, 7=SAT, 8=VCR 9=AUX,a=none) (note that setting value to 1,2,or 4 will also result in none)",,,
SCU,nx,"Set ""SOURCE SETUP"" n - ""ANALOG AUDIO IN"" to x=0-2,4-9 (0=DVD, 1=CD, 2=TAPE, 4=TV, 5=SAT, 6=VCR, 7=AUX, 8=2Ch Bal, 9=6CH S/E) (n may not equal 4)",,,
SCA,nsxx.x,"Set ""SOURCE SETUP"" n - ""AUDIO IN"" to Anlg-DSP, then set ""ADJUST INPUT LEVELS"" for source n analog audio in (XLR for 1, tuner for 4, RCA for others) input connector via the DSP with input gain sxx.x where sxx.xx= +31.5 to -95.5 dB in 0.5 dB steps",,,
SCAD,nsxx.x,"Set ""SOURCE SETUP"" n - ""AUDIO IN"" to Anlg-Dir, then set ""ADJUST INPUT LEVELS"" for source n analog audio in (XLR for 1, may not equal 4, RCA for others) input connector direct to output with input gain sxx.x where sxx.x = +31.5 to -95.5 dB in 0.5 dB steps",,,
SCD,nx,"In setup menu ""SOURCE SETUP"" n (not = 4)  set ""AUTO DIG"" to NO and digital ""AUDIO IN"" connector to x = 0 to a, e to l (0=Dig AES/EBU, 1=Dig OPT1, 2=Dig OPT2, 3=Dig OPT3, 4=Dig coax DVD, 5=Dig coax CD, 6=Dig coax TAPE, 7=Dig coax TV, 8=Dig coax SAT, 9=Dig coax VCR, a=Dig coax AUX, e=Dig HDMI1, f=Dig HDMI2, g=Dig HDMI3, h=Dig HDMI4, i=Dig HDMI5, j=Dig HDMI6, k=Dig HDMI7, l=Dig HDMI8). Note that when HDMI video and audio sources are selected then HDMI audio will be taken from the HDMI video source.",,,
SCX,nxsyy.y,"In setup menu ""SOURCE SETUP"" n (not = 4) set ""AUTO DIG"" to YES, i.e. auto sense Digital/Analog with the digital audio connector; set digital ""AUDIO IN"" connector to x = 0 to a, e to l (0=Dig AES/EBU, 1=Dig OPT1, 2=Dig OPT2, 3=Dig OPT3, 4=Dig coax DVD, 5=Dig coax CD, 6=Dig coax TAPE, 7=Dig coax TV, 8=Dig coax SAT, 9=Dig coax VCR, a=Dig coax AUX, e=Dig HDMI 1, f=Dig HDMI 2, g=Dig HDMI 3, h=Dig HDMI 4, i=Dig HDMI 5, j=Dig HDMI 6, k=Dig HDMI 7, l=Dig HDMI 8) and ""ADJUST INPUT LEVELS"" for source n analog audio in (XLR for 1, RCA for others) input connector via the DSP with input gain syy.y where syy.y = +31.5 to -95.5 dB in 0.5 dB steps. Note that when HDMI video and audio sources are selected then HDMI audio will be taken from the HDMI video source.",,,
SCM,nx,"Set ""SOURCE SETUP"" n ""HDMI 6CH MAP"" to x=0-9,a-o (0=Auto, 1=""LR/lrs/CS/xx"", 2=""LR/lrs/xx/CS"", 3=""LR/CS/lrs/xx"", 4=""LR/CS/xx/lrs"", 5=""LR/xx/lrs/CS"", 6=""LR/xx/CS/lrs"", 7=""lrs/LR/CS/xx"", 8=""lrs/LR/xx/CS"", 9=""lrs/CS/LR/xx"", a=""lrs/CS/xx/LR"", b=""lrs/xx/LR/CS"", c=""lrs/xx/CS/LR"", d=""CS/LR/lrs/xx"", e=""CS/LR/xx/lrs"", f=""CS/lrs/LR/xx"", g=""CS/lrs/xx/LR"", h=""CS/xx/LR/lrs"", i=""CS/xx/lrs/LR"", j=""xx/LR/lrs/CS"", k=""xx/LR/CS/lrs"", l=""xx/lrs/LR/CS"", m=""xx/lrs/CS/LR"", n=""xx/CS/LR/lrs"", o=""xx/CS/lrs/LR"") (not on an AVM 20, AVM 30 or Statement D1)",,,
SCL,nsxx.x,"Set ""SOURCE SETUP"" n - ""EQ"", ""FM-EQ"" or ""AM-EQ"" (n is 4=FM, a=AM) low frequency equalization to sxx.x=-12.0 to +12.0",,,
SCH,nsxx.x,"Set ""SOURCE SETUP"" n - ""EQ"", ""FM-EQ"" or ""AM-EQ"" (n is 4=FM, a=AM) high frequency equalization to sxx.x=-12.0 to +12.0",,,
SCQ,nx,"Set ""SOURCE SETUP"" n ""ROOM EQ"" to x=0-1 (0=off, 1=on).",,,
SCE,nx,"Set ""SOURCE SETUP"" n ""DOLBY VOL"" to x=0-1 (0=off, 1=on).",,,
SCJ,nx,"Set ""SOURCE SETUP"" n ""HALF MODE"" to x=0-1 (0=off, 1=on).",,,
SCK,nx,"Set ""SOURCE SETUP"" n ""REF LEVEL"" to x=0-1 (0=music, 1=movie).",,,
Audio/Video Out Format (not in AVM 20/30 or Statement D1),,,,,
Command,Parameters,Description,,,
SB,,The SB commands are deprecated. Use the SG commands instead.,,,
SG,amx,"The SG commands are used to change the parameters in the VIDEO OUT sub-menus. Parameter ""a"" must be one of the letters given in the following commands. Parmeter ""m"" must be ""1"" to ""4"" for config menus 1 to 4 respectively. Parameter ""x"" or ""xxx"" is described in the following commands. If x or xxx is replaced by '?' then print the current value.",,,
SGB,x,"Set ""VIDEO OUTPUT"" - ""SAME AS 1"" to x=0-1 (0=yes, 1=no)",,,
SGF,mx,"Set ""VIDEO OUTPUT"" - ""S-VIDEO OSD"" to x=0-1 (0=NTSC, 1=Pal)",,,
SGG,mxxx,"Set ""VIDEO OUTPUT"" - ""SHIFT POS'N"" (NTSC only) to x=0-127. (AVM 40 only)",,,
SGH,mxxx,"Set ""VIDEO OUTPUT"" - ""SHIFT POS'N"" (PAL only) to x=0-127. (AVM 40 only)",,,
SGP,mx,"Set ""VIDEO OUTPUT"" - ""PREFERRED"" to x=0-1 (0=component, 1=HDMI) (not on AVM 40)",,,
SGA,mx,"Set ""VIDEO OUTPUT"" - ""RESOLUTION"" (analog only) to x=0-3,7-9,a-d (0=720x480i/60, 1=720x480p/60, 2=720x576i/50, 3=720x576p/50, 7=1280x720p/50, 8=1280x720p/60, 9=1920x1080i/50, a=1920x1080i/60, b=1920x1080p/24, c=1920x1080p/25, d=1920x1080p/30) (not on AVM 40, not all resolutions are valid on all models)",,,
SGR,mx,"Set ""VIDEO OUTPUT"" - ""RESOLUTION"" (digital only) to x=0-9,a-z,A-D (0=Auto, 1=720x480i/60, 2=720x480p/60, 3=720x576i/50, 4=720x576p/50, 6=1280x720p/25, 7=1280x720p/30, 8=1280x720p/50, 9=1280x720p/60, a=1920x1080i/50, b=1920x1080i/60, c=1920x1080p/24, d=1920x1080p/25, e=1920x1080p/30, f=1920x1080p/50, g=1920x1080p/60, h=VGA/60, i=VGA/75, j=VGA/85, k=SVGA/60, l=SVGA/75, m=SVGA/85, n=XGA/60, o=XGA/75, p=XGA/85, q=SXGA/60, r=SXGA/75, s=SXGA/85, t=UXGA/60, u=640x350p/85, v=640x400p/85, w=1280x768p/60, x=1360x768p/60, y=1366x768p/60, z=1152x864p/75, A=1366x923p/50, B=1280x960p/60, C=1280x960p/85, D=2048x1536p/54) Note that for software versions prior to v1.06 the last few settings are (..., t=UXGA/60, u=UXGA/65, v=UXGA/70, w=UXGA/75, x=UXGA/85, y=640x350p/85, z=640x400p/85, A=1280x768p/60, B=1360x768p/60, C=1366x768p/60, D=1152x864p/75, E=1366x923p/50, F=1280x960p/60, G=1280x960p/85, H=2048x1536p/54) (not on AVM 40)",,,
SGS,mx,"Set ""VIDEO OUTPUT"" - ""COLOR SPACE"" to x=0-2 (0=Auto, 1=SDTV, 2=HDTV)",,,
SGD,mx,"Set ""VIDEO OUTPUT"" - ""DATA FORMAT"" (digital only) to x=0-4 (0=Auto, 1=YCbCr 4:4:4, 2=YCbCr 4:2:2, 3=RGB, 4=Extended RGB)",,,
SGL,mx,"Set ""VIDEO OUTPUT"" - ""LETTERBOX"" to x=0-9 (0=Black, 1=Darkest, 2=Very Dark, 3=Dark, 4=Medium-dark, 5=Medium, 6=Medium-light, 7=Light, 8=Very Light, 9=Lightest) (not on AVM 40)",,,
SGV,mx,"Set ""VIDEO OUTPUT"" - vertical ""SYNC"" (digital only) to x=0-1 (0=Normal, 1=Inverted)",,,
SGC,mx,"Set ""VIDEO OUTPUT"" - ""COMPONENT 2 OUT"" to x=0-3 (0=Processed, 1=Unprocessed, 2=Zone 2, 3=Off)",,,
Speaker Configuration,,,,,
Command,Parameters,Description,,,
SZ,a?,"For any SZ command, if non-negative integral value x or xxx is replaced by '?' then print the current value. 'a' may be equal to 'S', 'NB', 'TR', 'TB' or it may be equal to 'C' or 'M' followed by 'E', 'F', 'R', 'B', 'C', 'S', 'X', 'A', 'XF', 'XR', 'XC', 'XB', 'NS', 'L', 'P', 'D'.",,,
SZS,x,"Set Music speaker configuration to x=0,1 (0=different from Cinema, 1=same as Cinema)",,,
SZaE,x,"Set the position of speakers 7 and 8 ""BASS MANAGEMENT * - REAR L/R"" where a=C,M (C=Cinema, M=Music) and x=0-d (0=None; 1=Lsr,Rsr; 2=Special; 3=Lsd,Rsd; 4=Lc,Rc; 5=Lw,Rw; 6=Lh,Rh; 7=Lhs,Rhs; 8=Ch; 9=Ch,Ts; a=Ch,Cs; b=Ts; c=Ts,Cs; d=Cs). Note that this command has not been implemented.",,,
SZaF,x,Set Front Speaker sizes for bass manager configuration,,,
,,"where a=C,M (C=Cinema, M=Music) and x = 1,2 (1=small, 2=large)",,,
SZaR,x,Set Surround (Side) Speaker sizes for bass manager configuration,,,
,,"where a=C,M (C=Cinema, M=Music) and x = 0,1,2 (none, small, large)",,,
SZaB,x,Set Rear (Back) Speaker sizes for bass manager configuration,,,
,,"where a=C,M (C=Cinema, M=Music) and x = 0,1,2 (none, small, large)",,,
SZaC,x,Set Center Speaker size for bass manager configuration,,,
,,"where a=C,M (C=Cinema, M=Music) and x = 0,1,2 (none, small, large)",,,
SZaS,x,Set Subwoofer use for bass manager configuration,,,
,,"where a=C,M (C=Cinema, M=Music) and where x = 0,1,2 (no,yes,super)",,,
SZaX,xxx,Set Subwoofer crossover frequency for bass manager configuration (if Advanced Bass Manager is OFF this is also used for all other small speakers),,,
,,"where a=C,M (C=Cinema, M=Music) and xxx=0,25, 30,35, …160 is crossover frequency in Hertz (Note that xxx=0 bypasses the subwoofer crossover but is valid only if all speakers set to large or none or Advanced Bass Manager is on)",,,
SZaA,x,"Turn Advanced Bass Manager off/on x=0,1 (0=off,1=on) for configuration a where a=C,M (C=Cinema, M=Music)",,,
SZaXF,xxx,Set Front Speaker crossover frequency (only active if Advanced Bass Manager is ON)  for bass manager configuration ,,,
,,"where a=C,M (C=Cinema, M=Music) and xxx=0,25, 30,35, …160 (crossover frequency in Hertz) Note that xxx=0 bypasses the front crossover",,,
SZaXR,xxx,Set Surround (Side) Speaker crossover frequency (only active if Advanced Bass Manager is ON)  for bass manager configuration ,,,
,,"where a=C,M (C=Cinema, M=Music) and xxx=0,25, 30,35, …160 (crossover frequency in Hertz) Note that xxx=0 bypasses the surround crossover",,,
SZaXC,xxx,Set Center Speaker crossover frequency (only active if Advanced Bass Manager is ON)  for bass manager configuration ,,,
,,"where a=C,M (C=Cinema, M=Music) and xxx=0,25, 30,35, …160 (crossover frequency in Hertz) Note that xxx=0 bypasses the center crossover",,,
SZaXB,xxx,Set Rear (Back) Speaker crossover frequency (only active if Advanced Bass Manager is ON)  for bass manager configuration ,,,
,,"where a=C,M (C=Cinema, M=Music) and xxx=0,25, 30,35, …160 (crossover frequency in Hertz) Note that xxx=0 bypasses the rear crossover",,,
SZaNS,x,Set number of subwoofers to x for bass manager configuration a,,,
,,"where a=C,M (C=Cinema, M=Music) and where x = 0,1,2 (this value is ignored unless subwoofer use=yes or super 'SZaS1' or 'SZaS2')",,,
SZaL,x,"Set LFE bypass sub crossover x=0,1 (0=off,1=on) (only active if Advanced Bass Manager is ON)  for bass manager configuration a where a=C,M (C=Cinema, M=Music) ",,,
SZaP,x,"Set Subwoofer Polarity x=0,1 (0=normal, 1=inverted) (only active if Advanced Bass Manager is ON)  for bass manager configuration a where a=C,M (C=Cinema, M=Music) ",,,
SZaD,xxx,"Set Subwoofer Phase in degrees x=0,5,10,…180 (only active if Advanced Bass Manager is ON)  for bass manager configuration a where a=C,M (C=Cinema, M=Music) ",,,
SZNB,x,Set number of Rear (Back) speakers to x ,,,
,,"where x = 1,2 (this value is ignored if rear speaker size=none for the active speaker configuration)",,,
SZTR,x,"Set Surround (side) speaker type to x where x=0,1 (0=direct radiating,1=dipole)",,,
SZTB,x,"Set Rear (back) speaker type to x where x=0,1 (0=direct radiating,1=dipole)",,,
SEQ,x,Set center EQ to x,,,
,,"where x = 0,1 (disabled,enabled)",,,
STV,x,Set TV size,,,
,,"where x = 0,1,2,3,4 (18-30 in, 30-42 in, 42-54 in, 54-66 in, 66-78 in)",,,
SWE,x,"Set subwoofer room resonance filter to x where x = 0,1 (0=disabled,1=enabled)",,,
SWD,x,Set subwoofer room resonance filter depth to x dB where 1<=x <= 20,,,
SWF,x,Set subwoofer room resonance filter center frequency to x Hz where 20<=x <= subwoofer crossover frequency,,,
SWW,x,Set subwoofer room resonance filter width to x Hz where 1<=x <= 2*filter center frequency/10^(filter depth in dB/20),,,
SWT,x,"Set THX Ultra2 subwoofer to x where x = 0,1 (0=no,1=yes)",,,
SWB,x,"Set THX Ultra2 boundary gain compensation to x where x = 0,1 (0=disabled,1=enabled) (THX Ultra2 subwoofer must be set to yes for this to take effect)",,,
SHP,x,Set Headphone mutes Main speakers,,,
,,"where x = 0,1 (no, yes)",,,
Listener Position,,,,,
Command,Parameters,Description,,,
SPU,x,Set units for Delay manager ,,,
,,"where x = 0,1 (ft,m)",,,
SPL,xx.x,Set listener position from front left speaker,,,
,,where xx.x is from 0.0 to 99.0 (in 0.5 ft or 0.2 m increment),,,
SPC,xx.x,Set listener position from center speakers,,,
,,where xx.x is from 0.0 to 99.0 (in 0.5 ft or 0.2 m increment),,,
SPR,xx.x,Set listener position from front right speaker,,,
,,where xx.x is from 0.0 to 99.0 (in 0.5 ft or 0.2 m increment),,,
SPSR,xx.x,Set listener position from rear (surrounds) right speaker,,,
,,where xx.x is from 0.0 to 99.0 (in 0.5 ft or 0.2 m increment),,,
SPSL,xx.x,Set listener position from rear (surrounds) left speaker,,,
,,where xx.x is from 0.0 to 99.0 (in 0.5 ft or 0.2 m increment),,,
SPBR,xx.x,Set listener position from back right speaker,,,
,,where xx.x is from 0.0 to 99.0 (in 0.5 ft or 0.2 m increment),,,
SPBL,xx.x,Set listener position from back left speaker,,,
,,where xx.x is from 0.0 to 99.0 (in 0.5 ft or 0.2 m increment),,,
SPs,xx.x,Set listener position from subwoofer,,,
,,where xx.x is from 0.0 to 99.0 (in 0.5 ft or 0.2 m increment),,,
SPT,x,Set Back (Rear) speaker separation to x,,,
,,"where x=0,1,2 (0=less than 1 ft, 1=1 ft to 4 ft, 2=more than 4 ft)",,,
SPG,nxx.x,"Set ""SOURCE SETUP"" n - ""LIP-SYNC DELAY"" to xx.x ms where 0 <= x.xx <= 170 (Statement D1/D2),  0 <=x.xx<=85 (All others)",,,
Speaker Level Calibration,,,,,
Command,Parameters,Description,,,
SL,a?,"For any SL command, if value x or sxx.xx is replaced by '?' then print the current value. 'a' may be equal to 'V', 'L', 'C', 'R', 'SR', 'SL', 'BR', 'BL', 's', 'm', 'D' or 'F'.",,,
SLV,sxx.xx,"Set ""LEVEL CALIBRATION"" - ""TEST LEVEL"" speaker reference level",,,
,,where sxx.xx = MainMaxVol to -95.5 dB in 0.5 dB steps,,,
SL,asxx.xx,"Set speaker a (where a equals 'L' and 'R' for front left and right, 'C' for center, 'SL' and 'SR"" for rear (surround) left and right, 'BL' and 'BR' for back left and right, 's' and 'm' for cinema and music configuration subwoofer) to calibration level sxx.xx = +12.0 to -12.0 dB in 0.5 dB steps.",,,
SLP,sxx.xx,Set bass peak level (for peak level manager) where sxx.xx = 0.0 to -50.0 dB in 0.5 dB steps (this command has been removed and the value has been hardcoded to 0.0 dB),,,
SLD,x,"Set ""LEVEL CALIBRATION"" - ""DOLBY LEVEL"" Dolby Volume level to x where x = 0 to b (0=off, 1=low, …, 11=high).",,,
SLF,sxx.xx,"Set ""LEVEL CALIBRATION"" - ""DOLBY OFFSET"" to sxx.xx = +15.0 to -15.0 dB in 0.5 dB steps.",,,
Volumes/Auto-ON Timers,,,,,
Main Auto-ON Timers,,,,,
Command,Parameters,Description,,,
SA1WD1,xx:xx,Set Main wake-up weekday #1 time,,,
,,where xx:xx = 00:00 to 23:59 (24hr format) or 12:00AM to 11:59PM (12hr format),,,
SA1WE1,xx:xx,Set Main wake-up week-end #1 time,,,
,,where xx:xx = 00:00 to 23:59 (24hr format) or 12:00AM to 11:59PM (12hr format),,,
SA1XD1,xx:xx,Set Main off weekday #1 time,,,
,,where xx:xx = 00:00 to 23:59 (24hr format) or 12:00AM to 11:59PM (12hr format),,,
SA1XE1,xx:xx,Set Main off week-end #1 time,,,
,,where xx:xx = 00:00 to 23:59 (24hr format) or 12:00AM to 11:59PM (12hr format),,,
SA1O1,x,Set Main timer #1 option,,,
,,"where x = 0,1,2,3 (Off, Week, Week-end, Week+Week-end)",,,
SA1WD2,xx:xx,Set Main wake-up weekday #2 time,,,
,,where xx:xx = 00:00 to 23:59 (24hr format) or 12:00AM to 11:59PM (12hr format),,,
SA1WE2,xx:xx,Set Main wake-up week-end #2 time,,,
,,where xx:xx = 00:00 to 23:59 (24hr format) or 12:00AM to 11:59PM (12hr format),,,
SA1XD2,xx:xx,Set Main off weekday #2 time,,,
,,where xx:xx = 00:00 to 23:59 (24hr format) or 12:00AM to 11:59PM (12hr format),,,
SA1XE2,xx:xx,Set Main off week-end #2 time,,,
,,where xx:xx = 00:00 to 23:59 (24hr format) or 12:00AM to 11:59PM (12hr format),,,
SA1O2,x,Set Main timer #2 option,,,
,,"where x = 0,1,2,3 (Off, Week, Week-end, Week+Week-end)",,,
SA1S,mn,Set Main wake-up Source,,,
,,"where m=1,2 (1=timer1,2=timer2) and n = source (4=Tuner see below)",,,
SA1S,n40,Set Main wake-up Source to Tuner without changing station (ie. Same station as power down),,,
,,"where n=1,2 (1=timer1,2=timer2)",,,
SA1S,n4Ay,"Set Main wake-up Source to Tuner at AM preset y (y=1,2…6)",,,
,,"where n=1,2 (1=timer1,2=timer2) ",,,
SA1S,n4Fxy,"Set Main wake-up Source to Tuner at FM band x (x=1,2,3) preset y (y=1,2…6)",,,
,,"where n=1,2 (1=timer1,2=timer2) ",,,
SA1A,nsxx.x,Set Main wake-up auto-on level,,,
,,"where  n=1,2 (1=timer1,2=timer2) and sxx.xx= MainMaxVol to -95.5 dB in 0.5 dB steps",,,
Zone2 Auto-ON Timers,,,,,
Command,Parameters,Description,,,
SA2WD1,xx:xx,Set Zone2 wake-up weekday #1 time,,,
,,where xx:xx = 00:00 to 23:59 (24hr format) or 12:00AM to 11:59PM (12hr format),,,
SA2WE1,xx:xx,Set Zone2 wake-up week-end #1 time,,,
,,where xx:xx = 00:00 to 23:59 (24hr format) or 12:00AM to 11:59PM (12hr format),,,
SA2XD1,xx:xx,Set Zone2 off weekday #1 time,,,
,,where xx:xx = 00:00 to 23:59 (24hr format) or 12:00AM to 11:59PM (12hr format),,,
SA2XE1,xx:xx,Set Zone2 off week-end #1 time,,,
,,where xx:xx = 00:00 to 23:59 (24hr format) or 12:00AM to 11:59PM (12hr format),,,
SA2O1,x,Set Zone2 timer #1 option,,,
,,"where x = 0,1,2,3 (Off, Week, Week-end, Week+Week-end)",,,
SA2WD2,xx:xx,Set Zone2 wake-up weekday #2 time,,,
,,where xx:xx = 00:00 to 23:59 (24hr format) or 12:00AM to 11:59PM (12hr format),,,
SA2WE2,xx:xx,Set Zone2 wake-up week-end #2 time,,,
,,where xx:xx = 00:00 to 23:59 (24hr format) or 12:00AM to 11:59PM (12hr format),,,
SA2XD2,xx:xx,Set Zone2 off weekday #2 time,,,
,,where xx:xx = 00:00 to 23:59 (24hr format) or 12:00AM to 11:59PM (12hr format),,,
SA2XE2,xx:xx,Set Zone2 off week-end #2 time,,,
,,where xx:xx = 00:00 to 23:59 (24hr format) or 12:00AM to 11:59PM (12hr format),,,
SA2O2,x,Set Zone2 timer #2 option,,,
,,"where x = 0,1,2,3 (Off, Week, Week-end, Week+Week-end)",,,
SA2S,mn,Set Zone2 wake-up Source,,,
,,"where m=1,2 (1=timer1,2=timer2) and n = source (4=Tuner see below)",,,
SA2S,n40,Set Zone2 wake-up Source to Tuner without changing station (ie. Same station as power down),,,
,,"where n=1,2 (1=timer1,2=timer2)",,,
SA2S,n4Ay,"Set Zone2 wake-up Source to Tuner at AM preset y (y=1,2…6)",,,
,,"where n=1,2 (1=timer1,2=timer2) ",,,
SA2S,n4Fxy,"Set Zone2 wake-up Source to Tuner at FM band x (x=1,2,3) preset y (y=1,2…6)",,,
,,"where n=1,2 (1=timer1,2=timer2) ",,,
SA2A,nsxx.x,Set Zone2 wake-up auto-on level,,,
,,"where  n=1,2 (1=timer1,2=timer2) and sxx.xx= Zone2MaxVol to -70.0 dB in 1.25 dB steps",,,
Zone3 Auto-ON Timers,,,,,
Command,Parameters,Description,,,
SA3WD1,xx:xx,Set Zone3 wake-up weekday #1 time,,,
,,where xx:xx = 00:00 to 23:59 (24hr format) or 12:00AM to 11:59PM (12hr format),,,
SA3WE1,xx:xx,Set Zone3 wake-up week-end #1 time,,,
,,where xx:xx = 00:00 to 23:59 (24hr format) or 12:00AM to 11:59PM (12hr format),,,
SA3XD1,xx:xx,Set Zone3 off weekday #1 time,,,
,,where xx:xx = 00:00 to 23:59 (24hr format) or 12:00AM to 11:59PM (12hr format),,,
SA3XE1,xx:xx,Set Zone3 off week-end #1 time,,,
,,where xx:xx = 00:00 to 23:59 (24hr format) or 12:00AM to 11:59PM (12hr format),,,
SA3O1,x,Set Zone3 timer #1 option,,,
,,"where x = 0,1,2,3 (Off, Week, Week-end, Week+Week-end)",,,
SA3WD2,xx:xx,Set Zone3 wake-up weekday #2 time,,,
,,where xx:xx = 00:00 to 23:59 (24hr format) or 12:00AM to 11:59PM (12hr format),,,
SA3WE2,xx:xx,Set Zone3 wake-up week-end #2 time,,,
,,where xx:xx = 00:00 to 23:59 (24hr format) or 12:00AM to 11:59PM (12hr format),,,
SA3XD2,xx:xx,Set Zone3 off weekday #2 time,,,
,,where xx:xx = 00:00 to 23:59 (24hr format) or 12:00AM to 11:59PM (12hr format),,,
SA3XE2,xx:xx,Set Zone3 off week-end #2 time,,,
,,where xx:xx = 00:00 to 23:59 (24hr format) or 12:00AM to 11:59PM (12hr format),,,
SA3O2,x,Set Zone3 timer #2 option,,,
,,"where x = 0,1,2,3 (Off, Week, Week-end, Week+Week-end)",,,
SA3S,mn,Set Zone3 wake-up Source,,,
,,"where m=1,2 (1=timer1,2=timer2) and n = source (4=Tuner see below)",,,
SA3S,n40,Set Zone3 wake-up Source to Tuner without changing station (ie. Same station as power down),,,
,,"where n=1,2 (1=timer1,2=timer2)",,,
SA3S,n4Ay,"Set Zone3 wake-up Source to Tuner at AM preset y (y=1,2…6)",,,
,,"where n=1,2 (1=timer1,2=timer2) ",,,
SA3S,n4Fxy,"Set Zone3 wake-up Source to Tuner at FM band x (x=1,2,3) preset y (y=1,2…6)",,,
,,"where n=1,2 (1=timer1,2=timer2) ",,,
SA3A,nsxx.x,Set Zone3 wake-up auto-on level,,,
,,"where  n=1,2 (1=timer1,2=timer2) and sxx.xx=Zone3MaxVol to -70.0 dB in 1.25 dB steps",,,
Other Parameters,,,,,
Command,Parameters,Description,,,
STE,x,Enable/Disable All Auto On/Off Timers,,,
,,"where x = 0,1 (0=off, 1=on)",,,
STE?,,query enable/disable All Auto On/Off Timers,,,
,,"where x = 0,1 (0=off, 1=on)",,,
STF,x,Set time format,,,
,,"where x = 0,1 (12 hr, 24 hr)",,,
STF?,,query time format - returns STFx,,,
,,"where x = 0,1 (12 hr, 24 hr)",,,
STC,xx:xx,Set current time,,,
,,where xx:xx = 00:00 to 23:59 (24hr format) or 12:00AM to 11:59PM (12hr format),,,
STC?,,query current time - returns STCxx:xx,,,
,,where xx:xx = 00:00 to 23:59 (24hr format) or 12:00AM to 11:59PM (12hr format),,,
STD,x,Set current day,,,
,,"where x = 1,2,3, ..7 (Sunday, Monday, Tuesday,… Saturday)",,,
STD?,,query current day - returns STDx,,,
,,"where x = 1,2,3, ..7 (Sunday, Monday, Tuesday,… Saturday)",,,
SV1O,sxx.x,Set Main zone power-up value,,,
,,where sxx.xx = MainMaxVol to -95.5 dB in 0.5 dB steps,,,
SV1M,sxx.x,Set Main zone maximum level value (MainMaxVol),,,
,,where sxx.xx = +31.5 to -95.5 dB in 0.5 dB steps,,,
SV2O,sxx.x,Set Zone2 power-up value,,,
,,where sxx.xx = +10.0 to -70.0 dB in 1.25 dB steps,,,
SV2MF,,Set Zone2 volume to be fixed at power up volume,,,
SV2M,sxx.x,Set Zone2 maximum level value (Zone2MaxVol),,,
,,where sxx.xx = +10.0 to -70.0 dB in 1.25 dB steps,,,
SV3O,sxx.x,Set Zone3 power-up value,,,
,,where sxx.xx = +10.0 to -70.0 dB in 1.25 dB steps,,,
SV3M,sxx.x,Set Zone3 maximum level value (Zone2MaxVol),,,
,,where sxx.xx = +10.0 to -70.0 dB in 1.25 dB steps,,,
SVHO,sxx.x,Set Headphone power-up value,,,
,,where sxx.xx = HeadphoneMaxVol to -70.0 dB in 1.25 dB steps,,,
SV3MF,,Set Zone3 volume to be fixed at power up volume,,,
SVHM,sxx.x,Set Headphone maximum level value,,,
,,where sxx.xx = +10.0 to -70.0 dB in 1.25 dB steps,,,
SVM,x,Set Main/Zone2/Zone3/Headphone mute amount to x dB,,,
,,"where x = 0,5,10,..30 (x=0 Silent, x=5 5dB mute, …x=30 30 dB mute)",,,
SDD,x,Set Differential outputs labled Sub2/Center2 for Sub2/Center2 (x=0) or Zone2 L/R (x=1),,,
SDS,x,"Set Digital output connector #2 to be same as Digital output connector #1 (x=a) or to source x = 0,1,2,3…9 (0=CD, 1=2 Ch Bal, 2=6 Ch SE, 3=tape, 4=tuner, .. 9=aux). Note if source x is not assigned as digital input there will be no output",,,
SDM,x,"Set the 2-Ch analog DSP A/D conversion frequency x=0,1,2,3 (0=44.1 kHz, 1=48 kHz, 2=88.2 kHz, 3=96 kHz) when input configured for Analog DSP",,,
SDN,x,"Set the 6-ch analog DSP A/D conversion frequency x=0,1,2,3 (0=44.1 kHz, 1=48 kHz, 2=88.2 kHz, 3=96 kHz) when 6-Ch Direct input configured for Analog DSP",,,
SDB,x,Set Digital output connector #1 number of output bits to be 24 bits (x=0) or 16 bits(x=1) when REC=MAIN ,,,
SDR,x,"Set the 6-ch surround speaker and rear speaker swap to x=0,1 (0 no swap, 1=yes swap) (This command was deleted after v1.33.)",,,
SDC,x,"Set surround speaker output copy to rear speakers (if no rear source) to x=0,1 (0 no copy, 1=yes copy) (This command was deleted after v1.33.)",,,
Triggers/IR/RS-232,,,,,
Command,Parameters,Description,,,
StE,x,Triggers (1 through 3) global enable (note that trigger must be enabled to work),,,
,,"where x=0,1,2 (0=disabled, 1=enabled, 2=RS-232 control)",,,
St1S,xn,Add path x and source n to conditions for trigger #1 on ,,,
,,"where x=0..3 (0=Main, 1=Zone2, 2=Zone3, 3= Rec) and source n (P=Power On). Note that source n=P (Power On) is not valid for path x=3 (Rec)",,,
St1C,xn,Remove path x and source n from conditions for trigger #1 on ,,,
,,"where x=0..3 (0=Main, 1=Zone2, 2=Zone3, 3= Rec) and source n (P=Power On). Note that source n=P (Power On) is not valid for path x=3 (Rec)",,,
St2S,xn,Add path x and source n to conditions for trigger #2 on ,,,
,,"where x=0..3 (0=Main, 1=Zone2, 2=Zone3, 3= Rec) and source n (P=Power On). Note that source n=P (Power On) is not valid for path x=3 (Rec)",,,
St2C,xn,Remove path x and source n from conditions for trigger #2 on ,,,
,,"where x=0..3 (0=Main, 1=Zone2, 2=Zone3, 3= Rec) and source n (P=Power On). Note that source n=P (Power On) is not valid for path x=3 (Rec)",,,
St3S,xn,Add path x and source n to conditions for trigger #3 on ,,,
,,"where x=0..3 (0=Main, 1=Zone2, 2=Zone3, 3= Rec) and source n (P=Power On). Note that source n=P (Power On) is not valid for path x=3 (Rec)",,,
St3C,xn,Remove path x and source n from conditions for trigger #3 on ,,,
,,"where x=0..3 (0=Main, 1=Zone2, 2=Zone3, 3= Rec) and source n (P=Power On). Note that source n=P (Power On) is not valid for path x=3 (Rec)",,,
SIS,nx,"Enable IR receiver n=0,1..3 (0=Front,1=Rear1,2=Rear2,3=Rear3) for personalities x=0,1,2 (0=Main,1=Zone2,2=Zone3)",,,
SIC,nx,"Disable IR receiver n=0,1..3 (0=Front,1=Rear1,2=Rear2,3=Rear3) for personalities x=0,1,2 (0=Main,1=Zone2,2=Zone3)",,,
SSB,x,Set serial port baud rate,,,
,,"x=0,1,2,3,…7 (1200, 2400, 4800, 9600, 19200, 38400, 57600, 115200)",,,
SSB?,,Queries current serial port baud rate - returns SSBx.,,,
SSF,x,Set serial port flow control,,,
,,"x=0,1 (None, RTS/CTS)",,,
SSF?,,Queries current serial port flow control - returns SSFx.,,,
SST,x,Set serial port Tx status,,,
,,"x=0,1 (Disabled, enabled)",,,
SST?,,Queries current serial port Tx status - returns SSTx.,,,
Displays,,,,,
Command,Parameters,Description,,,
SO1S,x,Set On-Screen Main,,,
,,"x=0,1,2,3,4,5,6,7 (Disabled; composite only Main; S-Video only Main; composite and S-video Main; HD only Main; composite and HD Main; S-Video and HD Main; composite, S-Video and HD Main)",,,
SO2S,x,Set On-Screen Zone2,,,
,,"x=0,1,2,3 (Disabled, composite only Zone2, S-Video only Zone2, composite and S-video Zone2)",,,
SO1I,x,Set Main On-Screen to display changes made in,,,
,,"x=0,1,2,3,4,5 (0=All zones, 1=Main only, 2=Main and headphone only,3=Main, Zone3 and headphone, 4=Main,Zon3 and Rec,5=Main, Zone3,Rec and headphone)",,,
SO2I,x,Set Zone2 On-Screen to display changes made in,,,
,,"x=0,1 (0=All zones, 1=Zone2 only)",,,
SO1T,x,Set function timeout ,,,
,,"x=1,2,3,…15",,,
SO1P,x,Set Main On-screen position,,,
,,"x = 0,1,2 (Top, Mid, Bottom)",,,
SO2P,x,Set Zone2 On-screen position,,,
,,"x = 0,1,2 (Top, Mid, Bottom)",,,
SFPH,xx,Set Front panel Hi intensity (AVM 20 ONLY),,,
,,"xx = 0,1,2,..15",,,
SFPM,xx,Set Front panel Med intensity (AVM 20 ONLY),,,
,,"xx = 0,1,2,..15",,,
SFPL,xx,Set Front panel Lo intensity (AVM 20 ONLY),,,
,,"xx = 0,1,2,..15",,,
SFPW,x,Set Front panel wake-up,,,
,,"x=0,1,2 (No, Up 1, Hi)",,,
SFPCH,xx,Set Front panel contrast for Hi intensity (OBSOLETE),,,
,,"xx = 0,1,2,..7",,,
SFPCM,xx,Set Front panel contrast for Med intensity (OBSOLETE),,,
,,"xx = 0,1,2,..7",,,
SFPCL,xx,Set Front panel contrast for Low intensity (OBSOLETE),,,
,,"xx = 0,1,2,..7",,,
Save and restore,,,,,
Command,Parameters,Description,,,
SfSU,,Save user settings,,,
SfLU,,Restore user settings,,,
SfSI,,Save installer settings,,,
SfLI,,Restore installer settings,,,
SfLF,,Restore factory defaults,,,
SfSC,,Save current settings. Current settings are used when applying power to the unit. This command does not affect video setup menu. To save any changes in the video setup menu you must power down all three zones.,,,
SfP,,Save power interrupt settings (i.e. non setup settings such as current time…which are saved when the ac power is interrupted),,,
"Video Processing (AVM 50 / D2 only, except as noted)",,,,,
Command,Parameters,Description,,,
fa?,n,"query scale output mode of source n, returns Fany, where y = 0,1,2, …4(0=Panoramic Stretch, 1=Anamorphic Stretch, 2=Letter/Pillar Box, 3=Zoom, 4=Bypass) ",,,
fas,ny,"set scale output mode of source n to y, where y = 0,1,2, …4(0=Panoramic Stretch, 1=Anamorphic Stretch, 2=Letter/Pillar Box, 3=Zoom, 4=Bypass) ",,,
fe?,n,"query current extract size of source n, returns Fenyyy, where yyy =1, 2…100 ",,,
fes,nyyy,"set current extract size of source n to yyy, where yyy =1, 2…100",,,
ff?,n,"query current extract horizontal position of source n, returns Ffnyyy, where yyy =0,1, 2…100",,,
ffs,nyyy,"set current extract horizontal position of source n to yyy, where yyy =0,1, 2…100",,,
fg?,n,"query current extract vertical position of source n, returns Fgnyyy, where where yyy =0,1, 2…100 ",,,
fgs,nyyy,"set current extract vertical position of source n to yyy, and where yyy =0,1, 2…100",,,
ft?,n,"query current through horizontal size of source n, returns Ftnyyy, where yyy =1, 2…100",,,
fts,nyyy,"set current through horizontal size of source n to yyy, and where yyy =1, 2…100",,,
fu?,n,"query current through vetical size of source n, where yyy =1, 2…100",,,
fus,nyyy,"set current through vertical size of source n to yyy, where yyy =1, 2…100",,,
fv?,n,"query current through horizontal position of source n, where yyy =0,1, 2…100",,,
fvs,nyyy,"set current through horizontal position of source n to yyy, where yyy =0,1, 2…100",,,
fw?,n,"query current through vertical position of source n, where yyy =0,1, 2…100",,,
fws,nyyy,"set current through vertical position of source n to yyy, where yyy =0,1, 2…100",,,
fS?,n,"query current input color space of source n, returns FSxy, where y = 0,1,2(0=Auto Detect, 1= HDTV, 2=SDTV) (this command also works on an AVM 40)",,,
fSs,ny,"set current input color space of source n to y, where y = 0,1,2(0=Auto Detect, 1= HDTV, 2=SDTV) (this command also works on an AVM 40)",,,
fR?,n,"query current RGB mode of source n, where y = 0,1(0=Studio RGB, 1= Extended RGB) (this command also works on an AVM 40)",,,
fRs,ny,"set current input RGB mode of source n to y, where y = 0,1(0=Studio RGB, 1= Extended RGB) (this command also works on an AVM 40)",,,
fc?,n,"query current contrast value of source n, returns Fcnyyy, where yyy =0,1, 2…100",,,
fcs,nyyy,"set current contrast value of source n to yyy, where yyy =0,1, 2…100",,,
fb?,n,"query current brightness value of source n, returns Fbnyyy, where yyy =0,1, 2…100",,,
fbs,nyyy,"set current brightness value of source n to yyy, where yyy =0,1, 2…100",,,
fs?,n,"query current saturation value of source n, returns Fsnyyy, where yyy =0,1, 2…100",,,
fss,nyyy,"set current saturation value of source n to yyy, where yyy =0,1, 2…100",,,
fh?,n,"query current hue value of source n, returns Fhnyyy, where yyy =0,1, 2…100",,,
fhs,nyyy,"set current hue value of source n to yyy, where yyy =0,1, 2…100",,,
fF?,n,"query current Film Mode of source n, returns FFny, where y = 0,1(0=Auto Detect, 1= Off) ",,,
fFs,ny,"set current Film Mode of source n to y, where y = 0,1(0=Auto Detect, 1= Off) ",,,
fd?,n,"query current detail enhancement level of source n, returns Fdnyyy, where yyy =0,1, 2…100",,,
fds,nyyy,"set current detail enhancement level of source n to yyy, where yyy =0,1, 2…100",,,
fD?,n,"query current detail enhancement noise threshold value of source n, returns FDnyyy, where yyy =0,1, 2…100",,,
fDs,nyyy,"set current detail enhancement noise threshold of source n to yyy, where yyy =0,1, 2…100",,,
fn?,n,"query current noise reduction value of source n, returns Fnnyyy, where yyy =0,1, 2…100",,,
fns,nyyy,"set current noise reduction value of source n to yyy, where yyy =0,1, 2…100",,,
fm?,n,"query current motion threshold value of source n, returns Fmnyyy, where yyy =0,1, 2…100",,,
fms,nyyy,"set current motion threshold value of source n to yyy, where yyy =0,1, 2…100",,,
fB?,n,"query current Chroma Bug Correction Mode of source n, returns FBny, where y = 0,1(0=On, 1= Off) ",,,
fBs,ny,"set current Chroma Bug Correction of source n to y, where y = 0,1(0=On, 1= Off) ",,,
fC?,n,"query current S-Video Chroma Level of source n, returns FCnyyy, where yyy =0,1, 2…255",,,
fCs,nyyy,"set current S-Video Chroma Level of source n to yyy, where yyy =0,1, 2…255",,,
fl?,n,"query current S-Video Luma Level of source n, returns Flnyyy, where yyy =0,1, 2…255",,,
fls,nyyy,"set current S-Video Luma Level of source n to yyy, where yyy =0,1, 2…255",,,
fV?,n,"query current video ADC video input gain setting of source n, returns FVnyyy, where yyy =0,1, 2…100(0=Auto) (this command also works on an AVM 40)",,,
fVs,nyyy,"set current video ADC video input gain setting of source n to yyy, where yyy =0,1, 2…100(0=Auto) (this command also works on an AVM 40)",,,
fT?,n,"query current video ADC video input offset setting of source n, returns FTnyyy, where yyy =0,1, 2…100 (this command also works on an AVM 40)",,,
fTs,nyyy,"set current video ADC video input offset setting of source n to yyy, where yyy =0,1, 2…100 (this command also works on an AVM 40)",,,
fP?,n,"query current video ADC sampling phase of source n, returns FPnyy, where yy =0,1, 2…31",,,
fPs,nyy,"set current video ADC sampling phase of source n to yy, where yy =0,1, 2…31",,,
fW?,n,"query current crop input window mode setting of source n, returns FWny, where y = 0,1,2,3 (0=HDMI Auto Detect, 1=16:9, 2=4:3, 3=Custom Setting) ",,,
fWs,ny,"set current crop input window mode setting of source n to y, where y = 0,1,2,3 (0=HDMI Auto Detect, 1=16:9, 2=4:3, 3=Custom Setting) ",,,
fA?,n,"query current crop edges setting of source n, returns FAny, where y = 0,1 (0=off, 1=on)",,,
fAs,ny,"set current crop edges setting of source n to y, where y = 0,1 (0=off, 1=on)",,,
fE?,n,"query current horizontal crop edge pixels of source n, returns FEnyy, where yy =  0,1,2,…20",,,
fEs,nyy,"set current horizontal crop edge pixels of source n to yy, where yyyy =0,1,2,3,4,…20",,,
fO?,n,"query current horizontal crop edge pixels of source n, returns FOny, where y =  0,1,2,3",,,
fOs,ny,"set current horizontal crop edge pixels of source n to y, where y =0,1,2,3",,,
fo?,n,"query current horizontal input window size of source n, returns Fonyyyy, where yyyy =1,2,3,4,…1920",,,
fos,nyyyy,"set current horizontal input window size of source n to yyyy, where yyyy =1,2,3,4,…1920",,,
fp?,n,"query current vertical input window size of source n, returns Fpnyyyy, where yyyy =  1,2,…1080",,,
fps,nyyyy,"set current vertical input window size of source n to yyyy, where yyyy =1,2,3,4,…1080",,,
fq?,n,"query current horizontal input window position of source n, returns Fqnyyyy, where yyyy =  1,2,…1920",,,
fqs,nyyyy,"set current horizontal input window position of source n to yyyy, where yyyy =1,2,3,4,…1920",,,
fr?,n,"query current vertical input window position of source n, returns Frnyyyy, where yyyy =  1,2,…1080",,,
frs,nyyyy,"set current vertical input window position of source n to yyyy, where yyyy =1,2,3,4,…1080",,,
fG?,n,"query scale output Gamma mode of source n, where y = 0,1,2(0=Gamma Exponential, 1=Gamma Custom1, 2=Gamma Custom2, 3=off)",,,
fGs,ny,"set scale output Gamma mode of source n to y, where y = 0,1,2(0=Gamma Exponential, 1=Gamma Custom1, 2=Gamma Custom2, 3=off)",,,
fi?,n,"query output frame lock mode of source n, returns Finy, where y = 0,1(0=auto, 1=off)",,,
fis,ny,"set output frame lock mode of source n to y, where y = 0,1(0=auto, 1=off)",,,
fX?,n,"query current gamma exponential value of source n, returns FXnyyy, where yyy =  25,26,…400",,,
fXs,nyyy,"set current gamma exponential value of source n to yyy, where yyy =25,26,…400",,,
fU?,x,"query customer timing parameter x, where x = 0,1,2, 3,4…a,…e (0-14), returns FUxyyyy, where y is the decimal value of the parameter",,,
fUs,xyyyy,"set customer timing parameter x to yyyy, where x = 0,1,2, 3,4…a,…e (0-14), and yyyy is the decimal value of the parameter when x=0-12, when x=13 or 14, yyyy is the hex value of the parameter. ",,,
fIs,xZZXXXYYY,"Set gamma table x { = 0- single table, = 1 Red table, =2 Green table, =3 Blue table} table entry number ZZ { hexadecimal (0 – 1E (30D)) } to (XXX ,YYY). XXX and YYY are the X and Y values of the point in hexadecimal (0 – 3FF). 
Note that each curve must start with a point with XXX = 000, and finish with XXX = 3FF. After you are done making changes to a curve you must send a point just after the last valid point (just after the one with an XXX value of 1023) with an XXX and YYY value of AAA to mark the curve as valid, resulting in a recalculation of the gamma table.
Example: assume unit has already been configured with 20 gamma points, sending: fIs00A2FF2AF;fIs014AAAAAA; will set the point at 0A(11th point) in the single table to a value of (2FF,2AF) and then trigger re-calculation of the gamma table.
It is up to the user to ensure that all points are in order. (the XXX values must be in increasing values as the point # (ZZ) increases). - No sorting is done on the entries.
",,,
fI?,xZZ,"Querry gamma table x, entry # ZZ. Returns fIxZZXXXYYY. (see above)
To determine the number of valid points in a specific table you must querry each value (from 0 - 1E) the first point with invalid values (>3FF, AAA is prefered 'invalid' value) is the number of valid points.",,,
0x0d,-,dummy,,,
;,-,command separator/terminator,,,
?,-,"return unit type, revision# , build date",,,
,," (e.g. ""AVM 20,Version 1.00,Jun 26 2001"")",,,
,,,,,
,,,,,
Sample Command Strings,,,,,
"To send a main zone power up command in 'C' send the string ""P1P1\x0a"" where the '\x0a' causes the ASCII <lf> (hex 0x0a) character to be put at the end of the string. Alternatively, send ""P1P1;"" using the semi collon ';' command separator/terminator. If you are using a terminal program or are having trouble appending the <lf> to the end of a command string use the ';' terminator as in the latter example. To send multiple commands in one string separate them with ';' as: in 'C' ""P1P1;P1S1\x0a"" or ""P1P1;P1S1;"" which powers up the main sone and switches to source 1 (2-Ch input).",,,,,
,,,,,
,,,,,
,,,,,
,,,,,
,,,,,
,,,,,
Notes:,,,,,
"1. Out-of-range ""level/frequency"" commands set value to max (or min) value.(e.g. master volume,",,,,,
"treble, radio station frequency, speaker calibration, balance…). No message of error is returned.",,,,,
"2. Out-of -range parameters for other commands return the message ""Parameter Out-of-range""",,,,,
Communication buffer (incoming) is flushed from the command causing the error to ,,,,,
the next terminating character (';' or <lf>) ,,,,,
"3. Invalid commands return the message ""Invalid Command""",,,,,
Communication buffer (incoming) is flushed from the command causing the error to ,,,,,
the next terminating character (';' or <lf>) ,,,,,
"4. Receiving a command for the Main zone when not ON, return the message ""Main Off""",,,,,
"5. Receiving a command for Zone2 when not ON, return the message ""Zone2 Off""",,,,,
"6. Receiving a command for the Rec zone when not ON, return the message ""Main Off""",,,,,
"7. Receiving a ""common"" command when neither zones are ON, return the message ""Unit Off""",,,,,
8. Positive numbers when setting a balance represent a gain on the Right channel. Negative numbers,,,,,
represent a gain on the Left channel.,,,,,
"9. When sending ""level"" commands, rounding will automatically be done to the nearest valid value.",,,,,
10. Communication buffer is limited to 64 bytes. Truncate long command strings into several,,,,,
commands and allow time for processing (if not using flow control).,,,,,
11. Brightness control values will automatically be adjusted if lo>med>hi.,,,,,
12. Time/auto-on time exceeding 24 hours (i.e illegal value) will be set to 12:00AM (or 00:00),,,,,
"13. If time format is set to 12hr, ensure that all time settings include ""AM"" or ""PM"" otherwise",,,,,
"time will be set to 12:00AM (or 00:00). It time format is et to 24hr, do NOT include ""AM"" or ""PM"".",,,,,
14. Any error in processing the command wil result in the communications buffer (incomming),,,,,
to be flushed from the command causing the error to the next terminating character (';' or <lf>) ,,,,,
15. Serial commands return a <lf> after the action/change is done/made - note that if successive ,,,,,
commands are sent without waiting for a <lf> response and the next command execution is ,,,,,
completed before the previous terminating <lf> has been transmitted a second <lf> will not,,,,,
be added - ie only a single <lf> may be sent as a response to multiple commands,,,,,